"","session","created","modified","ended","expired","pastapot","rpy","selectcountry","city"
"51",NA,2021-03-18 17:56:58,2021-03-18 17:58:16,2021-03-18 17:58:16,NA,1,2," Germany","Kempten"
"52","gleamingPigXXX-tHaEipqWZTMB8YxEetotI_uL0jE5hhuOle3IIrznUElrKKGUe",2021-03-18 18:03:04,2021-03-18 18:03:26,2021-03-18 18:03:26,NA,1,1," Germany","Gottingen"
"53","vivaciousMalayanTigerXXXt0AKIWzMPPkCC1UaKnhF9grCkJL5nBe-pjY91W-u",2021-03-18 20:53:46,2021-03-18 20:54:02,2021-03-18 20:54:02,NA,1,1," Germany","Ahaus"
"55","n3GGZB5pDIzvSldKbzVgA_wIL18fE1XxMvUY5-eOcXpsIFMYwnUH8jPYWRA24eX9",2021-03-19 16:13:34,2021-03-19 16:14:03,2021-03-19 16:14:03,NA,1,1," Germany","Cuxhaven"
"56","aC0269TwdZvgkAlT4CKzFMdrSqEXeP6zdqbxNt5Fkvsb2cC1nRcKCGxfb2d_jufe",2021-03-19 16:13:35,2021-03-19 16:14:42,2021-03-19 16:14:42,NA,1,1,"USA","Los Angeles"
"57","vD0uNJdNyiDbfcnQ2lLD1cAXJDNjSUvkqh28tUdgOmsBZ4v3kEa0sPCpUY4M66gj",2021-03-19 16:13:41,2021-03-19 16:14:10,2021-03-19 16:14:10,NA,2,1," Colombia","Bogota"
"58","SeoDIABnSj3UGGJBM0xW9GX7n6Xpbbx5v6-LdIhpIf-qrKxzujgppQLZ9ts2aWyx",2021-03-19 16:13:43,2021-03-19 16:14:27,2021-03-19 16:14:27,NA,1,1," Germany","Nuremberg"
"59","a9FQGKo3VqX4-qwOxMT-ycKLr7lJrHp8BXK58ZY4Oyo2NOEnQf2suCUU059XO17v",2021-03-19 16:13:45,2021-03-19 16:14:23,2021-03-19 16:14:24,NA,1,1," Switzerland","Basel"
"60","HL6uZ8EglkAyP16QbLGVqvDT3X6zcpN-fajwbYENso42apICzH1KBsXWN73TAoRX",2021-03-19 16:13:46,2021-03-19 16:14:34,2021-03-19 16:14:34,NA,1,1," Germany","Soest"
"61","FSIK2IcQT50575wf0zpt3XXEOFjW-7lp85Sip51qO2kudEKPqDYiSFxur9Brogzr",2021-03-19 16:13:49,2021-03-19 16:14:21,2021-03-19 16:14:21,NA,2,1," Germany","Gottingen"
"62","Xm8rxUIa4BSWPx8JY5ERoPC4G3FHFkfcjOVh56jwHrs4K0Vv9teCGp_Shb7MmOOt",2021-03-19 16:13:56,2021-03-19 16:14:37,2021-03-19 16:14:37,NA,2,2," China","Hengyang"
"63","CHtSDwL7wl6z0qBoBVCnKmPtxNrhZZjghqj9p3LcmRTYPx-eUQbiwGo2f1AwyE5t",2021-03-19 16:14:11,2021-03-19 16:14:46,2021-03-19 16:14:46,NA,1,1," Italy","Bologna"
